Model,ROUGE-1,ROUGE-2,ROUGE-L,Avg FactCC,Avg NLI
Baseline (BART),42.63,19.95,29.3,0.4336462875094785,0.19022277457098244
FactCC Rerank,42.06,19.59,29.0,0.6626400340583423,n/a
NLI Rerank,42.0,19.55,28.99,n/a,0.2749296971306903
